order_id,order_date,book_id,country_code,channel_code,quantity,discount_rate,customer_first_name,customer_last_name,book_name
ORD000001,2025-06-13,BOOK00007,ES,APP,3,0.0,anonyme,anonyme,The Dirty Little Secrets of Getting Your Dream Job
ORD000002,2025-03-10,BOOK00020,FR,MKT,4,0.15,anonyme,anonyme,It's Only the Himalayas
ORD000004,2025-05-07,BOOK00015,IT,MKT,1,0.05,anonyme,anonyme,Rip it Up and Start Again
ORD000005,2025-06-02,BOOK00011,ES,MKT,3,0.0,anonyme,anonyme,"Starving Hearts (Triangular Trade Trilogy, #1)"
ORD000006,2025-03-10,BOOK00008,IT,WEB,2,0.25,anonyme,anonyme,"The Coming Woman: A Novel Based on the Life of the Infamous Feminist, Victoria Woodhull"
ORD000009,2025-01-22,BOOK00007,DE,WEB,3,0.15,anonyme,anonyme,The Dirty Little Secrets of Getting Your Dream Job
ORD000011,2025-06-21,BOOK00019,DE,MKT,1,0.0,anonyme,anonyme,Libertarianism for Beginners
ORD000013,2025-05-12,BOOK00011,BE,WEB,2,0.1,anonyme,anonyme,"Starving Hearts (Triangular Trade Trilogy, #1)"
ORD000014,2025-01-25,BOOK00011,DE,WEB,1,0.35,anonyme,anonyme,"Starving Hearts (Triangular Trade Trilogy, #1)"
ORD000017,2025-02-12,BOOK00004,DE,WEB,1,0.0,anonyme,anonyme,Sharp Objects
ORD000018,2025-04-27,BOOK00008,DE,MKT,8,0.05,anonyme,anonyme,"The Coming Woman: A Novel Based on the Life of the Infamous Feminist, Victoria Woodhull"
ORD000020,2025-05-11,BOOK00003,NL,WEB,1,0.3,anonyme,anonyme,Soumission
ORD000023,2025-06-09,BOOK00002,PT,WEB,2,0.0,anonyme,anonyme,Tipping the Velvet
ORD000025,2025-05-22,BOOK00012,IE,WEB,4,0.0,anonyme,anonyme,Shakespeare's Sonnets
ORD000026,2025-03-11,BOOK00006,ES,APP,2,0.0,anonyme,anonyme,The Requiem Red
ORD000027,2025-01-14,BOOK00002,ES,MKT,2,0.1,anonyme,anonyme,Tipping the Velvet
ORD000030,2025-06-20,BOOK00001,DE,WEB,3,0.0,anonyme,anonyme,A Light in the Attic
ORD000031,2025-02-15,BOOK00012,DE,WEB,5,0.15,anonyme,anonyme,Shakespeare's Sonnets
ORD000035,2025-02-15,BOOK00012,PT,WEB,2,0.25,anonyme,anonyme,Shakespeare's Sonnets
ORD000037,2025-06-21,BOOK00017,DE,WEB,4,0.05,anonyme,anonyme,Olio
ORD000040,2025-06-05,BOOK00010,BE,WEB,4,0.3,anonyme,anonyme,The Black Maria
ORD000043,2025-04-09,BOOK00016,DE,WEB,3,0.0,anonyme,anonyme,"Our Band Could Be Your Life: Scenes from the American Indie Underground, 1981-1991"
ORD000044,2025-05-13,BOOK00015,FR,WEB,4,0.15,anonyme,anonyme,Rip it Up and Start Again
ORD000045,2025-03-23,BOOK00015,IE,APP,4,0.05,anonyme,anonyme,Rip it Up and Start Again
ORD000046,2025-05-02,BOOK00019,BE,WEB,4,0.0,anonyme,anonyme,Libertarianism for Beginners
ORD000047,2025-03-15,BOOK00012,BE,WEB,1,0.05,anonyme,anonyme,Shakespeare's Sonnets
ORD000049,2025-05-28,BOOK00020,DE,MKT,2,0.3,anonyme,anonyme,It's Only the Himalayas
ORD000051,2025-04-14,BOOK00003,FR,WEB,1,0.15,anonyme,anonyme,Soumission
ORD000052,2025-06-14,BOOK00005,FR,WEB,2,0.1,anonyme,anonyme,Sapiens: A Brief History of Humankind
ORD000053,2025-04-08,BOOK00019,IT,MKT,1,0.2,anonyme,anonyme,Libertarianism for Beginners
ORD000054,2025-06-16,BOOK00007,NL,APP,3,0.0,anonyme,anonyme,The Dirty Little Secrets of Getting Your Dream Job
ORD000056,2025-01-30,BOOK00009,NL,MKT,1,0.1,anonyme,anonyme,The Boys in the Boat: Nine Americans and Their Epic Quest for Gold at the 1936 Berlin Olympics
ORD000057,2025-02-20,BOOK00007,ES,MKT,2,0.05,anonyme,anonyme,The Dirty Little Secrets of Getting Your Dream Job
ORD000058,2025-01-11,BOOK00018,ES,APP,2,0.1,anonyme,anonyme,Mesaerion: The Best Science Fiction Stories 1800-1849
ORD000059,2025-04-03,BOOK00004,IE,WEB,1,0.3,anonyme,anonyme,Sharp Objects
ORD000062,2025-02-24,BOOK00014,NL,WEB,4,0.05,anonyme,anonyme,Scott Pilgrim's Precious Little Life (Scott Pilgrim #1)
ORD000063,2025-04-15,BOOK00018,ES,WEB,2,0.0,anonyme,anonyme,Mesaerion: The Best Science Fiction Stories 1800-1849
ORD000065,2025-04-27,BOOK00009,BE,WEB,4,0.15,anonyme,anonyme,The Boys in the Boat: Nine Americans and Their Epic Quest for Gold at the 1936 Berlin Olympics
ORD000068,2025-06-28,BOOK00002,ES,APP,1,0.1,anonyme,anonyme,Tipping the Velvet
ORD000069,2025-01-14,BOOK00020,PT,WEB,4,0.15,anonyme,anonyme,It's Only the Himalayas
ORD000071,2025-02-27,BOOK00015,ES,WEB,2,0.15,anonyme,anonyme,Rip it Up and Start Again
ORD000073,2025-06-26,BOOK00007,DE,WEB,2,0.15,anonyme,anonyme,The Dirty Little Secrets of Getting Your Dream Job
ORD000074,2025-03-09,BOOK00012,NL,APP,3,0.15,anonyme,anonyme,Shakespeare's Sonnets
ORD000076,2025-03-11,BOOK00008,ES,WEB,2,0.05,anonyme,anonyme,"The Coming Woman: A Novel Based on the Life of the Infamous Feminist, Victoria Woodhull"
ORD000077,2025-06-22,BOOK00015,NL,APP,2,0.2,anonyme,anonyme,Rip it Up and Start Again
ORD000078,2025-06-16,BOOK00003,IE,WEB,2,0.1,anonyme,anonyme,Soumission
ORD000079,2025-06-21,BOOK00014,NL,WEB,4,0.15,anonyme,anonyme,Scott Pilgrim's Precious Little Life (Scott Pilgrim #1)
ORD000080,2025-01-23,BOOK00017,BE,WEB,3,0.1,anonyme,anonyme,Olio
ORD000081,2025-05-13,BOOK00004,ES,WEB,1,0.1,anonyme,anonyme,Sharp Objects
ORD000082,2025-06-28,BOOK00018,FR,MKT,1,0.0,anonyme,anonyme,Mesaerion: The Best Science Fiction Stories 1800-1849
ORD000083,2025-04-15,BOOK00008,FR,MKT,1,0.0,anonyme,anonyme,"The Coming Woman: A Novel Based on the Life of the Infamous Feminist, Victoria Woodhull"
ORD000084,2025-03-16,BOOK00004,IT,WEB,2,0.1,anonyme,anonyme,Sharp Objects
ORD000085,2025-06-03,BOOK00002,IT,WEB,2,0.25,anonyme,anonyme,Tipping the Velvet
ORD000086,2025-03-14,BOOK00006,BE,APP,7,0.1,anonyme,anonyme,The Requiem Red
ORD000088,2025-04-16,BOOK00010,BE,WEB,5,0.35,anonyme,anonyme,The Black Maria
ORD000089,2025-02-02,BOOK00004,PT,WEB,2,0.2,anonyme,anonyme,Sharp Objects
ORD000092,2025-01-10,BOOK00018,FR,APP,5,0.25,anonyme,anonyme,Mesaerion: The Best Science Fiction Stories 1800-1849
ORD000094,2025-04-21,BOOK00012,BE,WEB,3,0.0,anonyme,anonyme,Shakespeare's Sonnets
ORD000095,2025-06-08,BOOK00002,BE,MKT,2,0.15,anonyme,anonyme,Tipping the Velvet
ORD000096,2025-04-30,BOOK00010,BE,WEB,2,0.0,anonyme,anonyme,The Black Maria
ORD000097,2025-03-06,BOOK00004,NL,WEB,2,0.1,anonyme,anonyme,Sharp Objects
ORD000098,2025-06-29,BOOK00014,FR,MKT,1,0.15,anonyme,anonyme,Scott Pilgrim's Precious Little Life (Scott Pilgrim #1)
ORD000099,2025-06-05,BOOK00016,DE,MKT,1,0.0,anonyme,anonyme,"Our Band Could Be Your Life: Scenes from the American Indie Underground, 1981-1991"
ORD000100,2025-06-08,BOOK00015,IT,APP,3,0.2,anonyme,anonyme,Rip it Up and Start Again
ORD000101,2025-04-23,BOOK00008,ES,APP,2,0.05,anonyme,anonyme,"The Coming Woman: A Novel Based on the Life of the Infamous Feminist, Victoria Woodhull"
ORD000102,2025-05-19,BOOK00014,PT,WEB,5,0.0,anonyme,anonyme,Scott Pilgrim's Precious Little Life (Scott Pilgrim #1)
ORD000106,2025-05-24,BOOK00008,IE,WEB,2,0.0,anonyme,anonyme,"The Coming Woman: A Novel Based on the Life of the Infamous Feminist, Victoria Woodhull"
ORD000108,2025-06-21,BOOK00016,IT,WEB,1,0.1,anonyme,anonyme,"Our Band Could Be Your Life: Scenes from the American Indie Underground, 1981-1991"
ORD000109,2025-03-13,BOOK00013,IT,WEB,1,0.0,anonyme,anonyme,Set Me Free
ORD000110,2025-05-20,BOOK00018,PT,WEB,1,0.3,anonyme,anonyme,Mesaerion: The Best Science Fiction Stories 1800-1849
ORD000111,2025-01-24,BOOK00015,FR,APP,5,0.0,anonyme,anonyme,Rip it Up and Start Again
ORD000119,2025-06-04,BOOK00013,FR,APP,3,0.25,anonyme,anonyme,Set Me Free
ORD000120,2025-04-27,BOOK00009,DE,WEB,2,0.0,anonyme,anonyme,The Boys in the Boat: Nine Americans and Their Epic Quest for Gold at the 1936 Berlin Olympics
ORD000122,2025-03-26,BOOK00015,FR,WEB,4,0.25,anonyme,anonyme,Rip it Up and Start Again
ORD000123,2025-04-01,BOOK00013,ES,WEB,3,0.0,anonyme,anonyme,Set Me Free
ORD000124,2025-01-30,BOOK00001,BE,WEB,1,0.15,anonyme,anonyme,A Light in the Attic
ORD000126,2025-01-18,BOOK00007,IT,MKT,1,0.05,anonyme,anonyme,The Dirty Little Secrets of Getting Your Dream Job
ORD000127,2025-03-25,BOOK00009,PT,APP,3,0.15,anonyme,anonyme,The Boys in the Boat: Nine Americans and Their Epic Quest for Gold at the 1936 Berlin Olympics
ORD000129,2025-03-14,BOOK00001,IT,WEB,3,0.35,anonyme,anonyme,A Light in the Attic
ORD000130,2025-03-19,BOOK00012,IT,APP,1,0.2,anonyme,anonyme,Shakespeare's Sonnets
ORD000131,2025-05-17,BOOK00008,FR,WEB,4,0.2,anonyme,anonyme,"The Coming Woman: A Novel Based on the Life of the Infamous Feminist, Victoria Woodhull"
ORD000133,2025-03-25,BOOK00011,NL,APP,4,0.2,anonyme,anonyme,"Starving Hearts (Triangular Trade Trilogy, #1)"
ORD000134,2025-04-13,BOOK00019,FR,MKT,3,0.0,anonyme,anonyme,Libertarianism for Beginners
ORD000135,2025-01-30,BOOK00017,DE,MKT,1,0.0,anonyme,anonyme,Olio
ORD000136,2025-06-04,BOOK00008,IT,APP,2,0.15,anonyme,anonyme,"The Coming Woman: A Novel Based on the Life of the Infamous Feminist, Victoria Woodhull"
ORD000137,2025-05-25,BOOK00003,ES,APP,4,0.0,anonyme,anonyme,Soumission
ORD000138,2025-03-19,BOOK00003,BE,WEB,2,0.0,anonyme,anonyme,Soumission
ORD000139,2025-03-15,BOOK00001,IT,MKT,2,0.15,anonyme,anonyme,A Light in the Attic
ORD000141,2025-03-29,BOOK00005,FR,APP,2,0.15,anonyme,anonyme,Sapiens: A Brief History of Humankind
ORD000142,2025-04-06,BOOK00010,BE,WEB,1,0.05,anonyme,anonyme,The Black Maria
ORD000143,2025-05-23,BOOK00007,DE,WEB,3,0.05,anonyme,anonyme,The Dirty Little Secrets of Getting Your Dream Job
ORD000145,2025-02-02,BOOK00009,IT,MKT,8,0.15,anonyme,anonyme,The Boys in the Boat: Nine Americans and Their Epic Quest for Gold at the 1936 Berlin Olympics
ORD000147,2025-01-20,BOOK00007,NL,WEB,3,0.2,anonyme,anonyme,The Dirty Little Secrets of Getting Your Dream Job
ORD000148,2025-02-09,BOOK00009,FR,APP,3,0.0,anonyme,anonyme,The Boys in the Boat: Nine Americans and Their Epic Quest for Gold at the 1936 Berlin Olympics
ORD000149,2025-03-02,BOOK00008,ES,APP,3,0.0,anonyme,anonyme,"The Coming Woman: A Novel Based on the Life of the Infamous Feminist, Victoria Woodhull"
ORD000150,2025-05-01,BOOK00012,NL,WEB,5,0.1,anonyme,anonyme,Shakespeare's Sonnets
ORD000151,2025-05-09,BOOK00002,DE,WEB,1,0.0,anonyme,anonyme,Tipping the Velvet
ORD000152,2025-04-06,BOOK00001,IE,APP,1,0.25,anonyme,anonyme,A Light in the Attic
ORD000153,2025-05-12,BOOK00016,NL,WEB,5,0.2,anonyme,anonyme,"Our Band Could Be Your Life: Scenes from the American Indie Underground, 1981-1991"
ORD000157,2025-03-15,BOOK00005,BE,WEB,2,0.25,anonyme,anonyme,Sapiens: A Brief History of Humankind
ORD000158,2025-01-05,BOOK00003,DE,WEB,2,0.0,anonyme,anonyme,Soumission
ORD000159,2025-02-17,BOOK00012,IT,WEB,1,0.15,anonyme,anonyme,Shakespeare's Sonnets
ORD000160,2025-03-06,BOOK00008,FR,APP,1,0.25,anonyme,anonyme,"The Coming Woman: A Novel Based on the Life of the Infamous Feminist, Victoria Woodhull"
ORD000163,2025-05-12,BOOK00003,PT,WEB,1,0.2,anonyme,anonyme,Soumission
ORD000164,2025-03-26,BOOK00001,FR,WEB,4,0.05,anonyme,anonyme,A Light in the Attic
ORD000165,2025-05-08,BOOK00003,IE,WEB,4,0.05,anonyme,anonyme,Soumission
ORD000166,2025-03-24,BOOK00005,FR,APP,2,0.1,anonyme,anonyme,Sapiens: A Brief History of Humankind
ORD000167,2025-04-01,BOOK00015,PT,WEB,6,0.1,anonyme,anonyme,Rip it Up and Start Again
ORD000168,2025-06-23,BOOK00014,PT,WEB,2,0.0,anonyme,anonyme,Scott Pilgrim's Precious Little Life (Scott Pilgrim #1)
ORD000169,2025-04-04,BOOK00003,DE,APP,2,0.0,anonyme,anonyme,Soumission
ORD000170,2025-05-27,BOOK00001,ES,WEB,3,0.0,anonyme,anonyme,A Light in the Attic
ORD000171,2025-05-13,BOOK00005,IE,WEB,4,0.15,anonyme,anonyme,Sapiens: A Brief History of Humankind
ORD000174,2025-02-05,BOOK00014,NL,WEB,2,0.35,anonyme,anonyme,Scott Pilgrim's Precious Little Life (Scott Pilgrim #1)
ORD000175,2025-01-23,BOOK00007,BE,MKT,4,0.2,anonyme,anonyme,The Dirty Little Secrets of Getting Your Dream Job
ORD000177,2025-01-15,BOOK00009,FR,WEB,2,0.0,anonyme,anonyme,The Boys in the Boat: Nine Americans and Their Epic Quest for Gold at the 1936 Berlin Olympics
ORD000178,2025-03-14,BOOK00015,FR,WEB,5,0.15,anonyme,anonyme,Rip it Up and Start Again
ORD000179,2025-05-09,BOOK00015,FR,MKT,2,0.05,anonyme,anonyme,Rip it Up and Start Again
ORD000181,2025-05-20,BOOK00010,IT,WEB,2,0.0,anonyme,anonyme,The Black Maria
ORD000183,2025-04-13,BOOK00013,IT,WEB,1,0.0,anonyme,anonyme,Set Me Free
ORD000184,2025-01-25,BOOK00019,BE,WEB,1,0.25,anonyme,anonyme,Libertarianism for Beginners
ORD000185,2025-03-22,BOOK00007,IT,WEB,2,0.05,anonyme,anonyme,The Dirty Little Secrets of Getting Your Dream Job
ORD000186,2025-04-28,BOOK00017,FR,WEB,2,0.25,anonyme,anonyme,Olio
ORD000187,2025-01-03,BOOK00020,FR,WEB,2,0.0,anonyme,anonyme,It's Only the Himalayas
ORD000189,2025-06-06,BOOK00004,FR,WEB,2,0.0,anonyme,anonyme,Sharp Objects
ORD000190,2025-06-04,BOOK00005,DE,WEB,2,0.05,anonyme,anonyme,Sapiens: A Brief History of Humankind
ORD000192,2025-05-25,BOOK00007,DE,WEB,1,0.15,anonyme,anonyme,The Dirty Little Secrets of Getting Your Dream Job
ORD000193,2025-06-11,BOOK00013,ES,WEB,3,0.05,anonyme,anonyme,Set Me Free
ORD000194,2025-06-08,BOOK00015,NL,WEB,3,0.05,anonyme,anonyme,Rip it Up and Start Again
ORD000195,2025-03-22,BOOK00011,FR,APP,2,0.2,anonyme,anonyme,"Starving Hearts (Triangular Trade Trilogy, #1)"
ORD000197,2025-03-29,BOOK00004,DE,APP,4,0.0,anonyme,anonyme,Sharp Objects
ORD000198,2025-05-23,BOOK00013,FR,MKT,2,0.1,anonyme,anonyme,Set Me Free
ORD000199,2025-03-31,BOOK00007,IE,APP,1,0.1,anonyme,anonyme,The Dirty Little Secrets of Getting Your Dream Job
ORD000201,2025-05-18,BOOK00019,IE,APP,1,0.15,anonyme,anonyme,Libertarianism for Beginners
ORD000204,2025-03-01,BOOK00002,IT,MKT,1,0.2,anonyme,anonyme,Tipping the Velvet
ORD000205,2025-05-07,BOOK00010,IE,MKT,5,0.0,anonyme,anonyme,The Black Maria
ORD000206,2025-01-28,BOOK00013,PT,WEB,8,0.2,anonyme,anonyme,Set Me Free
ORD000209,2025-01-25,BOOK00006,PT,WEB,5,0.1,anonyme,anonyme,The Requiem Red
ORD000212,2025-02-26,BOOK00012,PT,WEB,2,0.1,anonyme,anonyme,Shakespeare's Sonnets
ORD000213,2025-06-20,BOOK00012,FR,WEB,3,0.1,anonyme,anonyme,Shakespeare's Sonnets
ORD000214,2025-05-25,BOOK00020,FR,WEB,1,0.25,anonyme,anonyme,It's Only the Himalayas
ORD000215,2025-02-22,BOOK00011,ES,WEB,1,0.1,anonyme,anonyme,"Starving Hearts (Triangular Trade Trilogy, #1)"
ORD000220,2025-04-11,BOOK00007,FR,MKT,3,0.15,anonyme,anonyme,The Dirty Little Secrets of Getting Your Dream Job
ORD000221,2025-05-17,BOOK00001,NL,WEB,2,0.2,anonyme,anonyme,A Light in the Attic
ORD000222,2025-06-19,BOOK00001,ES,MKT,3,0.0,anonyme,anonyme,A Light in the Attic
ORD000226,2025-06-14,BOOK00020,DE,WEB,4,0.0,anonyme,anonyme,It's Only the Himalayas
ORD000227,2025-05-02,BOOK00013,NL,WEB,4,0.1,anonyme,anonyme,Set Me Free
ORD000228,2025-02-04,BOOK00009,BE,WEB,4,0.0,anonyme,anonyme,The Boys in the Boat: Nine Americans and Their Epic Quest for Gold at the 1936 Berlin Olympics
ORD000229,2025-02-18,BOOK00003,BE,APP,1,0.2,anonyme,anonyme,Soumission
ORD000230,2025-03-27,BOOK00007,PT,WEB,5,0.0,anonyme,anonyme,The Dirty Little Secrets of Getting Your Dream Job
ORD000231,2025-03-04,BOOK00006,ES,WEB,5,0.25,anonyme,anonyme,The Requiem Red
ORD000232,2025-06-16,BOOK00008,BE,WEB,4,0.4,anonyme,anonyme,"The Coming Woman: A Novel Based on the Life of the Infamous Feminist, Victoria Woodhull"
ORD000234,2025-05-30,BOOK00009,IT,WEB,1,0.25,anonyme,anonyme,The Boys in the Boat: Nine Americans and Their Epic Quest for Gold at the 1936 Berlin Olympics
ORD000235,2025-06-25,BOOK00005,BE,MKT,5,0.05,anonyme,anonyme,Sapiens: A Brief History of Humankind
ORD000236,2025-04-01,BOOK00001,FR,WEB,1,0.2,anonyme,anonyme,A Light in the Attic
ORD000237,2025-01-13,BOOK00019,FR,WEB,3,0.0,anonyme,anonyme,Libertarianism for Beginners
ORD000238,2025-04-06,BOOK00010,ES,APP,2,0.0,anonyme,anonyme,The Black Maria
ORD000239,2025-04-16,BOOK00012,FR,APP,2,0.25,anonyme,anonyme,Shakespeare's Sonnets
ORD000241,2025-04-06,BOOK00015,DE,WEB,4,0.2,anonyme,anonyme,Rip it Up and Start Again
ORD000245,2025-04-12,BOOK00009,FR,WEB,2,0.1,anonyme,anonyme,The Boys in the Boat: Nine Americans and Their Epic Quest for Gold at the 1936 Berlin Olympics
ORD000246,2025-02-05,BOOK00020,PT,APP,2,0.05,anonyme,anonyme,It's Only the Himalayas
ORD000247,2025-06-07,BOOK00017,DE,APP,2,0.05,anonyme,anonyme,Olio
ORD000248,2025-04-07,BOOK00017,FR,APP,2,0.05,anonyme,anonyme,Olio
ORD000250,2025-04-03,BOOK00020,BE,WEB,2,0.05,anonyme,anonyme,It's Only the Himalayas
ORD000251,2025-04-01,BOOK00012,FR,APP,2,0.05,anonyme,anonyme,Shakespeare's Sonnets
ORD000252,2025-05-24,BOOK00007,PT,WEB,2,0.0,anonyme,anonyme,The Dirty Little Secrets of Getting Your Dream Job
ORD000253,2025-02-07,BOOK00002,FR,WEB,1,0.3,anonyme,anonyme,Tipping the Velvet
ORD000254,2025-05-07,BOOK00003,ES,WEB,1,0.0,anonyme,anonyme,Soumission
ORD000255,2025-03-26,BOOK00017,BE,APP,3,0.15,anonyme,anonyme,Olio
ORD000256,2025-03-22,BOOK00005,PT,MKT,2,0.25,anonyme,anonyme,Sapiens: A Brief History of Humankind
ORD000257,2025-04-11,BOOK00017,FR,APP,1,0.15,anonyme,anonyme,Olio
ORD000259,2025-03-06,BOOK00017,FR,WEB,2,0.1,anonyme,anonyme,Olio
ORD000261,2025-02-12,BOOK00017,ES,APP,4,0.0,anonyme,anonyme,Olio
ORD000262,2025-01-28,BOOK00002,FR,WEB,3,0.15,anonyme,anonyme,Tipping the Velvet
ORD000263,2025-05-09,BOOK00002,DE,WEB,2,0.0,anonyme,anonyme,Tipping the Velvet
ORD000267,2025-06-18,BOOK00005,DE,APP,4,0.15,anonyme,anonyme,Sapiens: A Brief History of Humankind
ORD000268,2025-03-13,BOOK00001,IT,APP,1,0.0,anonyme,anonyme,A Light in the Attic
ORD000269,2025-06-21,BOOK00001,DE,MKT,2,0.1,anonyme,anonyme,A Light in the Attic
ORD000270,2025-04-28,BOOK00019,FR,APP,3,0.0,anonyme,anonyme,Libertarianism for Beginners
ORD000271,2025-01-30,BOOK00002,DE,WEB,1,0.1,anonyme,anonyme,Tipping the Velvet
ORD000273,2025-06-08,BOOK00012,NL,MKT,1,0.3,anonyme,anonyme,Shakespeare's Sonnets
ORD000275,2025-03-12,BOOK00006,ES,WEB,2,0.0,anonyme,anonyme,The Requiem Red
ORD000277,2025-06-17,BOOK00004,BE,MKT,2,0.25,anonyme,anonyme,Sharp Objects
ORD000279,2025-02-22,BOOK00011,FR,WEB,1,0.1,anonyme,anonyme,"Starving Hearts (Triangular Trade Trilogy, #1)"
ORD000282,2025-06-11,BOOK00017,ES,WEB,1,0.25,anonyme,anonyme,Olio
ORD000283,2025-03-25,BOOK00006,FR,APP,4,0.05,anonyme,anonyme,The Requiem Red
ORD000285,2025-05-25,BOOK00005,DE,WEB,3,0.1,anonyme,anonyme,Sapiens: A Brief History of Humankind
ORD000286,2025-02-10,BOOK00020,DE,MKT,1,0.0,anonyme,anonyme,It's Only the Himalayas
ORD000287,2025-03-12,BOOK00002,IT,WEB,1,0.15,anonyme,anonyme,Tipping the Velvet
ORD000288,2025-03-01,BOOK00006,IT,APP,2,0.15,anonyme,anonyme,The Requiem Red
ORD000290,2025-01-27,BOOK00011,BE,MKT,1,0.05,anonyme,anonyme,"Starving Hearts (Triangular Trade Trilogy, #1)"
ORD000291,2025-01-03,BOOK00016,IT,WEB,3,0.1,anonyme,anonyme,"Our Band Could Be Your Life: Scenes from the American Indie Underground, 1981-1991"
ORD000292,2025-01-23,BOOK00016,FR,APP,2,0.05,anonyme,anonyme,"Our Band Could Be Your Life: Scenes from the American Indie Underground, 1981-1991"
ORD000293,2025-06-15,BOOK00001,BE,APP,4,0.15,anonyme,anonyme,A Light in the Attic
ORD000294,2025-02-22,BOOK00009,ES,WEB,1,0.2,anonyme,anonyme,The Boys in the Boat: Nine Americans and Their Epic Quest for Gold at the 1936 Berlin Olympics
ORD000297,2025-01-11,BOOK00006,FR,APP,2,0.15,anonyme,anonyme,The Requiem Red
ORD000298,2025-06-07,BOOK00016,BE,WEB,1,0.0,anonyme,anonyme,"Our Band Could Be Your Life: Scenes from the American Indie Underground, 1981-1991"
ORD000300,2025-01-23,BOOK00003,DE,WEB,2,0.05,anonyme,anonyme,Soumission
ORD000301,2025-02-05,BOOK00020,FR,WEB,2,0.0,anonyme,anonyme,It's Only the Himalayas
ORD000304,2025-05-27,BOOK00004,IT,WEB,1,0.0,anonyme,anonyme,Sharp Objects
ORD000305,2025-04-04,BOOK00019,IE,WEB,5,0.25,anonyme,anonyme,Libertarianism for Beginners
ORD000307,2025-05-13,BOOK00003,PT,WEB,2,0.0,anonyme,anonyme,Soumission
ORD000308,2025-04-27,BOOK00019,DE,WEB,3,0.1,anonyme,anonyme,Libertarianism for Beginners
ORD000309,2025-02-20,BOOK00020,IE,APP,1,0.0,anonyme,anonyme,It's Only the Himalayas
ORD000310,2025-06-12,BOOK00007,IT,WEB,2,0.2,anonyme,anonyme,The Dirty Little Secrets of Getting Your Dream Job
ORD000311,2025-03-02,BOOK00020,DE,WEB,8,0.0,anonyme,anonyme,It's Only the Himalayas
ORD000312,2025-05-14,BOOK00009,IT,WEB,5,0.0,anonyme,anonyme,The Boys in the Boat: Nine Americans and Their Epic Quest for Gold at the 1936 Berlin Olympics
ORD000313,2025-04-11,BOOK00001,ES,WEB,3,0.0,anonyme,anonyme,A Light in the Attic
ORD000314,2025-04-11,BOOK00008,NL,WEB,1,0.0,anonyme,anonyme,"The Coming Woman: A Novel Based on the Life of the Infamous Feminist, Victoria Woodhull"
ORD000315,2025-05-30,BOOK00007,FR,WEB,2,0.0,anonyme,anonyme,The Dirty Little Secrets of Getting Your Dream Job
ORD000316,2025-04-26,BOOK00018,DE,MKT,2,0.05,anonyme,anonyme,Mesaerion: The Best Science Fiction Stories 1800-1849
ORD000317,2025-03-25,BOOK00008,FR,WEB,1,0.0,anonyme,anonyme,"The Coming Woman: A Novel Based on the Life of the Infamous Feminist, Victoria Woodhull"
ORD000318,2025-04-14,BOOK00001,DE,APP,2,0.2,anonyme,anonyme,A Light in the Attic
ORD000319,2025-02-26,BOOK00011,FR,WEB,3,0.0,anonyme,anonyme,"Starving Hearts (Triangular Trade Trilogy, #1)"
ORD000323,2025-04-16,BOOK00018,ES,WEB,1,0.15,anonyme,anonyme,Mesaerion: The Best Science Fiction Stories 1800-1849
ORD000325,2025-04-10,BOOK00010,FR,WEB,2,0.4,anonyme,anonyme,The Black Maria
ORD000326,2025-03-01,BOOK00003,FR,APP,1,0.3,anonyme,anonyme,Soumission
ORD000327,2025-04-10,BOOK00007,IE,MKT,1,0.25,anonyme,anonyme,The Dirty Little Secrets of Getting Your Dream Job
ORD000329,2025-02-14,BOOK00016,FR,WEB,1,0.0,anonyme,anonyme,"Our Band Could Be Your Life: Scenes from the American Indie Underground, 1981-1991"
ORD000331,2025-05-31,BOOK00016,IE,APP,4,0.0,anonyme,anonyme,"Our Band Could Be Your Life: Scenes from the American Indie Underground, 1981-1991"
ORD000333,2025-03-23,BOOK00020,IT,APP,4,0.05,anonyme,anonyme,It's Only the Himalayas
ORD000335,2025-06-04,BOOK00017,IE,MKT,1,0.0,anonyme,anonyme,Olio
ORD000336,2025-03-02,BOOK00002,PT,WEB,3,0.15,anonyme,anonyme,Tipping the Velvet
ORD000337,2025-04-25,BOOK00001,BE,WEB,2,0.2,anonyme,anonyme,A Light in the Attic
ORD000338,2025-04-18,BOOK00016,IE,WEB,2,0.15,anonyme,anonyme,"Our Band Could Be Your Life: Scenes from the American Indie Underground, 1981-1991"
ORD000339,2025-06-25,BOOK00012,FR,WEB,4,0.0,anonyme,anonyme,Shakespeare's Sonnets
ORD000340,2025-03-29,BOOK00005,IE,WEB,1,0.4,anonyme,anonyme,Sapiens: A Brief History of Humankind
ORD000341,2025-04-21,BOOK00005,FR,MKT,1,0.3,anonyme,anonyme,Sapiens: A Brief History of Humankind
ORD000344,2025-03-16,BOOK00009,DE,WEB,4,0.05,anonyme,anonyme,The Boys in the Boat: Nine Americans and Their Epic Quest for Gold at the 1936 Berlin Olympics
ORD000345,2025-04-10,BOOK00009,DE,WEB,1,0.05,anonyme,anonyme,The Boys in the Boat: Nine Americans and Their Epic Quest for Gold at the 1936 Berlin Olympics
ORD000346,2025-05-25,BOOK00003,FR,APP,2,0.15,anonyme,anonyme,Soumission
ORD000347,2025-01-16,BOOK00019,DE,WEB,5,0.3,anonyme,anonyme,Libertarianism for Beginners
ORD000348,2025-03-02,BOOK00016,BE,WEB,3,0.2,anonyme,anonyme,"Our Band Could Be Your Life: Scenes from the American Indie Underground, 1981-1991"
ORD000349,2025-04-25,BOOK00016,PT,WEB,1,0.15,anonyme,anonyme,"Our Band Could Be Your Life: Scenes from the American Indie Underground, 1981-1991"
ORD000350,2025-06-10,BOOK00003,NL,WEB,5,0.0,anonyme,anonyme,Soumission
ORD000351,2025-04-12,BOOK00020,BE,WEB,1,0.15,anonyme,anonyme,It's Only the Himalayas
ORD000355,2025-03-10,BOOK00001,DE,WEB,4,0.15,anonyme,anonyme,A Light in the Attic
ORD000357,2025-04-24,BOOK00020,IE,WEB,2,0.05,anonyme,anonyme,It's Only the Himalayas
ORD000358,2025-05-10,BOOK00011,FR,MKT,3,0.2,anonyme,anonyme,"Starving Hearts (Triangular Trade Trilogy, #1)"
ORD000359,2025-03-05,BOOK00017,DE,MKT,4,0.1,anonyme,anonyme,Olio
ORD000360,2025-02-01,BOOK00008,FR,WEB,1,0.15,anonyme,anonyme,"The Coming Woman: A Novel Based on the Life of the Infamous Feminist, Victoria Woodhull"
